unit,n_seg,T,spk_diff_L1,spk_diff_L2,spk_diff_L3,spk_diff_L4,spk_total,div_seg,div_margin_max,mem_max_abs_diff,mem_mean_max_abs_diff,pred_diff,auc_torch_cpu,auc_numpy,auc_results_csv
fan_id01,2630,31,0,0,0,0,57560180,0,0.0,1.33514404296875e-05,9.5367431640625e-06,0,0.984847,0.984847,0.9848
fan_id02,2800,31,0,0,0,0,61280800,0,0.0,7.62939453125e-06,9.5367431640625e-06,0,0.971167,0.971167,0.9712
fan_id03,2790,31,0,0,0,0,61061940,0,0.0,1.33514404296875e-05,8.58306884765625e-06,0,0.985922,0.985922,0.9859
fan_id04,2740,31,0,1,0,0,59967640,1,1.0132789611816406e-06,5.7220458984375e-06,3.0994415283203125e-06,0,0.978276,0.978276,0.9783
fan_id05,2840,31,0,0,0,0,62156240,0,0.0,9.5367431640625e-06,7.62939453125e-06,0,0.975885,0.975885,0.9759
fan_id06,2810,31,0,0,0,0,61499660,0,0.0,1.52587890625e-05,9.5367431640625e-06,0,0.999171,0.999171,0.9992
pump_id00,1720,31,6,15,6,4,37643920,1,1.1920928955078125e-07,0.9340436458587646,0.02285170555114746,0,0.884861,0.884861,0.8849
pump_id01,1580,31,0,0,0,0,34579880,0,0.0,1.1444091796875e-05,7.62939453125e-06,0,0.93431,0.93431,0.9343
pump_id02,1560,31,0,0,0,0,34142160,0,0.0,1.33514404296875e-05,8.58306884765625e-06,0,0.990893,0.990893,0.9909
pump_id03,1570,31,0,0,0,0,34361020,0,0.0,7.62939453125e-06,5.7220458984375e-06,0,0.928246,0.928246,0.9282
pump_id04,1500,31,0,0,0,0,32829000,0,0.0,1.1444091796875e-05,8.58306884765625e-06,0,1.0,1.0,1.0
pump_id05,2240,31,0,0,0,0,49024640,0,0.0,7.3909759521484375e-06,6.198883056640625e-06,0,0.970887,0.970887,0.9709
pump_id06,1510,31,0,0,0,0,33047860,0,0.0,1.33514404296875e-05,9.5367431640625e-06,0,0.924706,0.924706,0.9247
slider_id00,2780,31,0,0,0,0,60843080,0,0.0,1.33514404296875e-05,7.62939453125e-06,0,0.997921,0.997921,0.9979
slider_id01,1890,31,0,0,0,0,41364540,0,0.0,1.1444091796875e-05,8.106231689453125e-06,0,0.986067,0.986067,0.9861
slider_id02,2340,31,0,1,4,0,51213240,1,2.086162567138672e-07,1.5004501342773438,0.41860389709472656,0,0.939701,0.939701,0.9397
slider_id03,1890,31,0,0,0,0,41364540,0,0.0,1.52587890625e-05,1.33514404296875e-05,0,0.925506,0.925506,0.9255
slider_id04,1890,31,0,0,0,0,41364540,0,0.0,1.33514404296875e-05,1.1444091796875e-05,0,1.0,1.0,1.0
slider_id05,1890,31,0,0,0,0,41364540,0,0.0,1.52587890625e-05,1.1444091796875e-05,0,0.989326,0.989326,0.9893
slider_id06,1450,31,0,0,0,0,31734700,0,0.0,1.9073486328125e-05,1.239776611328125e-05,0,0.998222,0.998222,0.9982
valve_id00,1600,31,6,1,0,0,35017600,1,2.980232238769531e-07,2.288818359375e-05,1.1444091796875e-05,0,0.929167,0.929167,0.9292
valve_id01,1600,31,0,0,0,0,35017600,0,0.0,3.0517578125e-05,1.9073486328125e-05,0,0.885833,0.885833,0.8858
valve_id02,1600,31,0,0,0,0,35017600,0,0.0,1.1444091796875e-05,8.58306884765625e-06,0,0.974167,0.974167,0.9742
valve_id03,1600,31,0,0,0,0,35017600,0,0.0,3.814697265625e-05,1.1444091796875e-05,0,0.877,0.877,0.877
valve_id04,1600,31,2,1,4,3,35017600,1,1.1920928955078125e-07,1.0340664386749268,0.1711578369140625,0,0.928667,0.928667,0.9287
valve_id05,3000,31,0,0,0,0,65658000,0,0.0,2.288818359375e-05,1.1444091796875e-05,0,0.9347,0.9347,0.9347
valve_id06,1600,31,0,0,0,0,35017600,0,0.0,1.52587890625e-05,1.52587890625e-05,0,0.8175,0.8175,0.8175
ToyCar_id01,5302,31,0,0,0,0,116039572,0,0.0,1.1444091796875e-05,1.049041748046875e-05,0,0.967208,0.967208,0.9672
ToyCar_id02,5313,31,2,1,3,0,116280318,2,7.152557373046875e-07,1.1619017124176025,0.03748369216918945,0,0.976992,0.976992,0.977
ToyCar_id03,5313,31,0,0,0,0,116280318,0,0.0,1.52587890625e-05,9.5367431640625e-06,0,0.986101,0.986101,0.9861
ToyCar_id04,5313,31,2,1,1,0,116280318,1,1.7881393432617188e-07,0.6315212249755859,0.07765960693359375,0,0.999549,0.999549,0.9995
ToyCar_id05,4212,31,2,12,10,10,92183832,1,0.0,1.4057286977767944,0.06960701942443848,0,0.817534,0.817534,0.8175
ToyCar_id06,4213,31,10,8,0,0,92205718,1,0.0,1.33514404296875e-05,1.049041748046875e-05,0,0.993474,0.993474,0.9935
ToyCar_id07,4213,31,0,0,0,0,92205718,0,0.0,1.52587890625e-05,1.1444091796875e-05,0,0.972211,0.972211,0.9722
ToyConveyor_id01,10000,31,0,0,0,0,218860000,0,0.0,3.814697265625e-06,3.337860107421875e-06,0,0.965388,0.965388,0.9654
ToyConveyor_id02,9780,31,2,6,4,6,214045080,1,5.960464477539063e-08,0.9271656274795532,0.012987136840820312,0,0.92184,0.92184,0.9218
ToyConveyor_id03,9770,31,12,24,16,14,213826220,3,3.0994415283203125e-06,1.4731254577636719,0.4357490539550781,1,0.986303,0.986296,0.9863
ToyConveyor_id04,3780,31,0,0,0,0,82729080,0,0.0,9.5367431640625e-06,9.5367431640625e-06,0,0.998118,0.998118,0.9981
ToyConveyor_id05,3783,31,0,0,0,0,82794738,0,0.0,9.5367431640625e-06,6.67572021484375e-06,0,0.975843,0.975843,0.9758
ToyConveyor_id06,3780,31,0,0,0,0,82729080,0,0.0,9.5367431640625e-06,7.62939453125e-06,0,0.978652,0.978652,0.9787
