unit,cfg,auc,f1b,agree,over1,mx1,acc1,vmax1,over2,mx2,acc2,vmax2,over3,mx3,acc3,vmax3,over4,mx4,acc4,vmax4
fan_id01,FP32,0.9848466257668711,0.9233976029181865,1.0,,,,,,,,,,,,,,,,
fan_id01,A_prior,0.9856441717791411,0.9137749737118822,0.9787072243346008,0,2889,45906,90,0,6439,1050,102,0,9955,1027,87,0,1269,348,48
fan_id01,A_sat,0.9856441717791411,0.9137749737118822,0.9787072243346008,0,2889,45906,90,0,6439,1050,102,0,9955,1027,87,0,1269,348,48
fan_id01,A_sat_rnd,0.9855828220858895,0.9143457698370994,0.9806083650190114,0,2894,45906,90,0,6506,1059,102,0,9948,1027,87,0,1266,348,48
fan_id01,A_b12,0.9849693251533743,0.9209009952854897,0.9832699619771863,0,2845,45906,90,0,6470,1050,102,0,10127,1027,87,0,1279,348,48
fan_id01,A_b12_rnd,0.985276073619632,0.9144356955380577,0.9806083650190114,0,2850,45906,90,0,6575,1060,102,0,10213,1027,87,0,1276,348,48
fan_id01,R_sat,0.987239263803681,0.9086078639744952,0.9787072243346008,0,5400,118020,610,0,11832,2036,4699,0,19934,1928,149,0,1279,392,48
fan_id01,R_b12_rnd,0.9884662576687118,0.9097664543524416,0.9771863117870723,0,5395,118020,610,0,12001,2164,4699,0,19780,1950,149,0,1247,392,48
fan_id02,FP32,0.9711666666666667,0.886762360446571,1.0,,,,,,,,,,,,,,,,
fan_id02,A_prior,0.9691111111111111,0.8922753547031004,0.9692857142857143,0,1943,44624,90,0,6363,1025,109,0,8092,850,73,0,869,247,47
fan_id02,A_sat,0.9691111111111111,0.8922753547031004,0.9692857142857143,0,1943,44624,90,0,6363,1025,109,0,8092,850,73,0,869,247,47
fan_id02,A_sat_rnd,0.9705555555555555,0.8943514644351465,0.9707142857142858,0,1946,44624,90,0,6361,1051,109,0,8013,850,73,0,873,247,47
fan_id02,A_b12,0.9686111111111111,0.8922753547031004,0.9714285714285714,0,1912,44624,90,0,6382,1032,109,0,8061,850,73,0,868,247,47
fan_id02,A_b12_rnd,0.9709444444444445,0.8921465968586387,0.9707142857142858,0,1918,44624,90,0,6333,1077,109,0,8002,850,73,0,869,247,47
fan_id02,R_sat,0.9683333333333333,0.8939947780678851,0.9721428571428572,0,4595,123831,238,0,10755,2178,20066,0,19228,2922,145,0,877,237,47
fan_id02,R_b12_rnd,0.9693333333333333,0.8966597077244259,0.9732142857142857,0,4601,123831,238,0,10983,2201,20066,0,19149,2927,145,0,876,237,47
fan_id03,FP32,0.985921787709497,0.9245667686034659,1.0,,,,,,,,,,,,,,,,
fan_id03,A_prior,0.9862011173184357,0.9302798982188295,0.9795698924731183,0,2694,50951,90,0,5770,1080,110,0,13441,1242,106,0,997,175,46
fan_id03,A_sat,0.9862011173184357,0.9302798982188295,0.9795698924731183,0,2694,50951,90,0,5770,1080,110,0,13441,1242,106,0,997,175,46
fan_id03,A_sat_rnd,0.9862569832402234,0.9265822784810127,0.978494623655914,0,2700,50951,90,0,5740,1057,110,0,13416,1255,106,0,995,175,46
fan_id03,A_b12,0.9864245810055865,0.9284253578732107,0.9806451612903225,0,2726,50951,90,0,5816,1081,110,0,13287,1295,106,0,1011,175,46
fan_id03,A_b12_rnd,0.9863128491620111,0.9258130081300813,0.9806451612903225,0,2732,50951,90,0,5798,1043,110,0,13274,1255,106,0,1008,175,46
fan_id03,R_sat,0.98536312849162,0.9129755080771235,0.9706093189964158,0,5155,109440,452,0,10811,2161,969,0,21850,2025,158,0,1000,180,46
fan_id03,R_b12_rnd,0.9854189944134077,0.9141072358146799,0.9698924731182795,0,5222,109440,452,0,10693,2161,969,0,21617,2007,158,0,1005,180,46
fan_id04,FP32,0.9782758620689656,0.8192244675040962,1.0,,,,,,,,,,,,,,,,
fan_id04,A_prior,0.9691954022988506,0.8228388473852721,0.9445255474452555,0,2277,43636,91,0,6212,1033,112,0,13813,1274,100,0,696,267,52
fan_id04,A_sat,0.9691954022988506,0.8228388473852721,0.9445255474452555,0,2277,43636,91,0,6212,1033,112,0,13813,1274,100,0,696,267,52
fan_id04,A_sat_rnd,0.9718390804597702,0.821185107498689,0.9474452554744526,0,2283,43636,91,0,6262,1028,112,0,13864,1251,100,0,738,267,52
fan_id04,A_b12,0.9695977011494253,0.8188638799571275,0.9456204379562044,0,2291,43636,91,0,6334,1089,112,0,13778,1273,100,0,700,267,52
fan_id04,A_b12_rnd,0.972183908045977,0.8290373487638085,0.9474452554744526,0,2296,43636,91,0,6357,1015,112,0,13830,1256,100,0,711,267,52
fan_id04,R_sat,0.9738505747126437,0.8208714362560516,0.9587591240875912,0,4619,121519,255,0,10398,2357,230,0,22378,2364,143,0,703,287,52
fan_id04,R_b12_rnd,0.975632183908046,0.8270676691729323,0.9576642335766423,0,4549,121519,255,0,10378,2442,230,0,22285,2301,143,0,705,287,52
fan_id05,FP32,0.9758846657929228,0.930188679245283,1.0,,,,,,,,,,,,,,,,
fan_id05,A_prior,0.9732110091743119,0.9256120527306968,0.9845070422535211,0,2694,45878,88,0,5523,1178,109,0,14225,1286,94,0,1537,258,51
fan_id05,A_sat,0.9732110091743119,0.9256120527306968,0.9845070422535211,0,2694,45878,88,0,5523,1178,109,0,14225,1286,94,0,1537,258,51
fan_id05,A_sat_rnd,0.9726867627785059,0.9227889564810482,0.9848591549295774,0,2700,45878,88,0,5587,1212,109,0,14099,1301,94,0,1541,258,51
fan_id05,A_b12,0.9735779816513761,0.9269212635549269,0.9855633802816901,0,2694,45878,88,0,5552,1178,109,0,14182,1302,94,0,1531,258,51
fan_id05,A_b12_rnd,0.9721625163826999,0.9244486156733928,0.9852112676056338,0,2700,45878,88,0,5584,1208,109,0,14017,1293,94,0,1546,258,51
fan_id05,R_sat,0.977300131061599,0.9286052009456265,0.9880281690140845,0,5341,116099,2744,0,8802,2772,1485,0,23280,3166,144,0,1552,257,51
fan_id05,R_b12_rnd,0.9767758846657929,0.924314096499527,0.9873239436619718,0,5347,116099,2744,0,8842,2762,1485,0,22956,3172,144,0,1547,257,51
fan_id06,FP32,0.9991712707182321,0.9776876267748479,1.0,,,,,,,,,,,,,,,,
fan_id06,A_prior,0.9991712707182321,0.977710233029382,0.994661921708185,0,2446,42616,85,0,5185,1052,116,0,8788,1122,95,0,1350,277,54
fan_id06,A_sat,0.9991712707182321,0.977710233029382,0.994661921708185,0,2446,42616,85,0,5185,1052,116,0,8788,1122,95,0,1350,277,54
fan_id06,A_sat_rnd,0.9993370165745856,0.978744939271255,0.992526690391459,0,2451,42616,85,0,5156,1051,116,0,8787,1123,95,0,1348,277,54
fan_id06,A_b12,0.9991160220994475,0.9782278481012658,0.9950177935943061,0,2418,42616,85,0,5265,1063,116,0,8769,1126,95,0,1341,277,54
fan_id06,A_b12_rnd,0.9991712707182321,0.9777327935222672,0.9932384341637011,0,2424,42616,85,0,5244,1051,116,0,8758,1115,95,0,1332,277,54
fan_id06,R_sat,0.9990055248618784,0.977710233029382,0.994306049822064,0,5117,121754,241,0,7979,2328,2690,0,14169,1779,148,0,1369,277,54
fan_id06,R_b12_rnd,0.9992265193370166,0.9792615073343449,0.9950177935943061,0,5066,121754,241,0,8151,2316,2690,0,14251,1782,148,0,1347,277,54
pump_id00,FP32,0.8848611111111111,0.7726894254787677,1.0,,,,,,,,,,,,,,,,
pump_id00,A_prior,0.8881944444444444,0.7828947368421053,0.9773255813953489,0,2475,47156,99,0,7553,1120,110,0,10234,1047,79,0,843,209,50
pump_id00,A_sat,0.8881944444444444,0.7828947368421053,0.9773255813953489,0,2475,47156,99,0,7553,1120,110,0,10234,1047,79,0,843,209,50
pump_id00,A_sat_rnd,0.8869444444444445,0.7822514379622021,0.9784883720930233,0,2480,47156,99,0,7637,1081,110,0,10291,1050,79,0,840,209,50
pump_id00,A_b12,0.8888888888888888,0.7802469135802469,0.9755813953488373,0,2479,47156,99,0,7646,1096,110,0,10291,1041,79,0,834,209,50
pump_id00,A_b12_rnd,0.8861111111111111,0.782608695652174,0.9819767441860465,0,2484,47156,99,0,7722,1076,110,0,10328,1042,79,0,830,209,50
pump_id00,R_sat,0.8876388888888889,0.7692307692307693,0.9784883720930233,0,5640,113327,609,0,10543,2202,262,0,22720,2017,151,0,868,203,50
pump_id00,R_b12_rnd,0.8856944444444443,0.7689741451209341,0.9825581395348837,0,5643,113327,609,0,10681,2149,262,0,22904,1971,151,0,836,203,50
pump_id01,FP32,0.9343103448275862,0.8008048289738431,1.0,,,,,,,,,,,,,,,,
pump_id01,A_prior,0.9381034482758621,0.8248031496062992,0.9765822784810126,0,3098,53283,101,0,7098,1027,106,0,10141,1216,106,0,1210,303,48
pump_id01,A_sat,0.9381034482758621,0.8248031496062992,0.9765822784810126,0,3098,53283,101,0,7098,1027,106,0,10141,1216,106,0,1210,303,48
pump_id01,A_sat_rnd,0.9370689655172414,0.8238747553816047,0.9753164556962025,0,3103,53283,101,0,7201,1017,106,0,10025,1216,106,0,1232,303,48
pump_id01,A_b12,0.938448275862069,0.8282630029440629,0.9759493670886076,0,3046,53283,101,0,7155,1003,106,0,10312,1216,106,0,1222,303,48
pump_id01,A_b12_rnd,0.9386206896551723,0.82421875,0.9727848101265822,0,3052,53283,101,0,7265,1012,106,0,10239,1216,106,0,1220,303,48
pump_id01,R_sat,0.9320689655172414,0.7889908256880734,0.9759493670886076,0,4864,123510,283,0,12448,1926,1814,0,19653,5522,146,0,1222,264,48
pump_id01,R_b12_rnd,0.9372413793103449,0.7831449126413155,0.9791139240506329,0,4790,123510,283,0,12482,1917,1814,0,19687,5540,146,0,1216,264,48
pump_id02,FP32,0.990892857142857,0.9354536950420954,1.0,,,,,,,,,,,,,,,,
pump_id02,A_prior,0.9914285714285713,0.9377901578458682,0.9878205128205129,0,1947,39396,86,0,5430,1055,109,0,11609,1212,104,0,933,340,53
pump_id02,A_sat,0.9914285714285713,0.9377901578458682,0.9878205128205129,0,1947,39396,86,0,5430,1055,109,0,11609,1212,104,0,933,340,53
pump_id02,A_sat_rnd,0.9889285714285714,0.9360518999073216,0.9891025641025641,0,1953,39396,86,0,5406,1008,109,0,11576,1199,104,0,939,340,53
pump_id02,A_b12,0.9910714285714285,0.93790546802595,0.9891025641025641,0,1956,39396,86,0,5442,1055,109,0,11700,1197,104,0,941,340,53
pump_id02,A_b12_rnd,0.9903571428571428,0.93790546802595,0.9897435897435898,0,1961,39396,86,0,5402,1017,109,0,11700,1199,104,0,939,340,53
pump_id02,R_sat,0.9903571428571428,0.9315838800374883,0.9923076923076923,0,4933,102337,231,0,9050,2032,221,0,14749,4433,171,0,934,273,53
pump_id02,R_b12_rnd,0.9910714285714285,0.9356943150046598,0.9916666666666667,0,4972,102337,231,0,9084,2063,221,0,14986,4418,171,0,931,273,53
pump_id03,FP32,0.9282456140350877,0.8143589743589743,1.0,,,,,,,,,,,,,,,,
pump_id03,A_prior,0.926842105263158,0.7966804979253111,0.9821656050955414,0,3537,45779,88,0,8656,1099,108,0,11692,1371,108,0,1476,407,49
pump_id03,A_sat,0.926842105263158,0.7966804979253111,0.9821656050955414,0,3537,45779,88,0,8656,1099,108,0,11692,1371,108,0,1476,407,49
pump_id03,A_sat_rnd,0.9282456140350878,0.8037190082644629,0.9878980891719745,0,3544,45779,88,0,8761,1145,108,0,11511,1352,108,0,1505,407,49
pump_id03,A_b12,0.9289473684210526,0.8041237113402062,0.9828025477707006,0,3501,45779,88,0,8564,1099,108,0,11914,1364,108,0,1466,407,49
pump_id03,A_b12_rnd,0.9280701754385964,0.8037190082644629,0.9878980891719745,0,3508,45779,88,0,8694,1136,108,0,11764,1365,108,0,1478,407,49
pump_id03,R_sat,0.9284210526315789,0.8167006109979633,0.986624203821656,0,6627,110032,224,0,13494,1952,203,0,18083,2791,159,0,1520,407,49
pump_id03,R_b12_rnd,0.9314035087719297,0.8167006109979633,0.9878980891719745,0,6517,110032,224,0,13361,2035,203,0,18119,2796,159,0,1483,407,49
pump_id04,FP32,1.0,0.9816700610997964,1.0,,,,,,,,,,,,,,,,
pump_id04,A_prior,1.0,0.9775051124744376,0.9966666666666667,0,2161,54833,89,0,5098,1024,107,0,10663,1177,102,0,794,359,50
pump_id04,A_sat,1.0,0.9775051124744376,0.9966666666666667,0,2161,54833,89,0,5098,1024,107,0,10663,1177,102,0,794,359,50
pump_id04,A_sat_rnd,1.0,0.9785495403472931,0.9973333333333333,0,2166,54833,89,0,5101,1036,107,0,10716,1166,102,0,789,359,50
pump_id04,A_b12,1.0,0.9806320081549439,0.9973333333333333,0,2180,54833,89,0,5052,1016,107,0,10591,1167,102,0,798,359,50
pump_id04,A_b12_rnd,1.0,0.9775051124744376,0.9966666666666667,0,2185,54833,89,0,5069,1055,107,0,10639,1166,102,0,797,359,50
pump_id04,R_sat,1.0,0.9775051124744376,0.9973333333333333,0,4715,134080,226,0,10180,1950,240,0,19002,2082,158,0,794,359,50
pump_id04,R_b12_rnd,1.0,0.9795918367346939,0.9986666666666667,0,4681,134080,226,0,10144,2002,240,0,19085,2082,158,0,796,359,50
pump_id05,FP32,0.9708870967741936,0.8668831168831169,1.0,,,,,,,,,,,,,,,,
pump_id05,A_prior,0.9596774193548386,0.8667754214246873,0.9852678571428571,0,3028,54822,95,0,7081,1123,110,0,13416,1291,105,0,1005,288,47
pump_id05,A_sat,0.9596774193548386,0.8667754214246873,0.9852678571428571,0,3028,54822,95,0,7081,1123,110,0,13416,1291,105,0,1005,288,47
pump_id05,A_sat_rnd,0.9611290322580645,0.8647764449291166,0.9839285714285714,0,3033,54822,95,0,7043,1117,110,0,13694,1328,105,0,1037,288,47
pump_id05,A_b12,0.9612903225806452,0.8635371179039302,0.9830357142857142,0,3035,54822,95,0,7098,1106,110,0,13284,1296,105,0,969,288,47
pump_id05,A_b12_rnd,0.9608870967741936,0.8661588683351469,0.9870535714285714,0,3040,54822,95,0,7126,1117,110,0,13618,1329,105,0,1055,288,47
pump_id05,R_sat,0.9671774193548388,0.8508042151968941,0.9736607142857143,0,5410,121953,228,0,12055,2969,507,0,22604,3486,145,0,957,277,47
pump_id05,R_b12_rnd,0.9696774193548386,0.8610653487095002,0.9790178571428572,0,5425,121953,228,0,12041,3030,507,0,22174,3497,145,0,948,277,47
pump_id06,FP32,0.9247058823529413,0.771889400921659,1.0,,,,,,,,,,,,,,,,
pump_id06,A_prior,0.926078431372549,0.7773933102652826,0.9821192052980132,0,2253,42134,93,0,7060,1121,107,0,11036,1098,103,0,1069,386,47
pump_id06,A_sat,0.926078431372549,0.7773933102652826,0.9821192052980132,0,2253,42134,93,0,7060,1121,107,0,11036,1098,103,0,1069,386,47
pump_id06,A_sat_rnd,0.9254901960784314,0.7839080459770115,0.9827814569536424,0,2260,42134,93,0,7052,1016,107,0,11031,1103,103,0,1071,386,47
pump_id06,A_b12,0.9249019607843136,0.7798165137614679,0.9821192052980132,0,2247,42134,93,0,6996,1104,107,0,11103,1109,103,0,1078,386,47
pump_id06,A_b12_rnd,0.9258823529411764,0.7736720554272517,0.9841059602649007,0,2254,42134,93,0,6989,1048,107,0,11020,1113,103,0,1080,386,47
pump_id06,R_sat,0.9270588235294117,0.7775229357798165,0.9854304635761589,0,5265,123121,244,0,10748,2333,632,0,18072,4233,143,0,1068,380,47
pump_id06,R_b12_rnd,0.9274509803921569,0.7812142038946163,0.9887417218543046,0,5187,123121,244,0,10770,2368,632,0,17976,4228,143,0,1080,380,47
slider_id00,FP32,0.9979213483146068,0.9411146161934806,1.0,,,,,,,,,,,,,,,,
slider_id00,A_prior,0.9979213483146067,0.9429020429544264,0.9906474820143885,0,2475,47178,93,0,4427,1059,110,0,9903,1148,100,0,1541,288,48
slider_id00,A_sat,0.9979213483146067,0.9429020429544264,0.9906474820143885,0,2475,47178,93,0,4427,1059,110,0,9903,1148,100,0,1541,288,48
slider_id00,A_sat_rnd,0.9978651685393258,0.9451123889179299,0.9910071942446043,0,2480,47178,93,0,4473,1087,110,0,9830,1163,100,0,1491,288,48
slider_id00,A_b12,0.9980898876404494,0.9429020429544264,0.9899280575539569,0,2436,47178,93,0,4444,1059,110,0,10080,1150,100,0,1542,288,48
slider_id00,A_b12_rnd,0.9976966292134831,0.9429020429544264,0.9906474820143885,0,2441,47178,93,0,4435,1056,110,0,10019,1163,100,0,1510,288,48
slider_id00,R_sat,0.9979213483146068,0.9417322834645669,0.9931654676258993,0,4958,115958,238,0,7675,2774,2080,0,14900,5093,298,0,1529,307,48
slider_id00,R_b12_rnd,0.9979213483146068,0.9383886255924171,0.9931654676258993,0,4885,115958,238,0,7724,2807,2080,0,14901,5093,298,0,1522,307,48
slider_id01,FP32,0.9860674157303371,0.8601615910503418,1.0,,,,,,,,,,,,,,,,
slider_id01,A_prior,0.9901123595505618,0.8460559796437659,0.9777777777777777,0,2304,50659,94,0,5855,981,112,0,11072,1262,102,0,1733,335,46
slider_id01,A_sat,0.9901123595505618,0.8460559796437659,0.9777777777777777,0,2304,50659,94,0,5855,981,112,0,11072,1262,102,0,1733,335,46
slider_id01,A_sat_rnd,0.9903370786516854,0.8518987341772152,0.9809523809523809,0,2307,50659,94,0,5891,964,112,0,11231,1232,102,0,1738,335,46
slider_id01,A_b12,0.9897752808988765,0.8435114503816794,0.9783068783068783,0,2311,50659,94,0,5754,981,112,0,11252,1268,102,0,1738,335,46
slider_id01,A_b12_rnd,0.9893258426966292,0.8500948766603416,0.9830687830687831,0,2315,50659,94,0,5845,963,112,0,11472,1240,102,0,1741,335,46
slider_id01,R_sat,0.9897752808988765,0.8481012658227848,0.9835978835978836,0,5500,127630,605,0,8881,2217,958,0,17057,4499,146,0,1735,335,46
slider_id01,R_b12_rnd,0.989438202247191,0.8466876971608833,0.9851851851851852,0,5516,127630,605,0,8889,2244,958,0,17276,4509,146,0,1741,335,46
slider_id02,FP32,0.9397014925373135,0.8313140726933831,1.0,,,,,,,,,,,,,,,,
slider_id02,A_prior,0.9387313432835821,0.8225068618481244,0.9722222222222222,0,2656,49910,90,0,4429,968,111,0,11293,1164,102,0,2951,373,46
slider_id02,A_sat,0.9387313432835821,0.8225068618481244,0.9722222222222222,0,2656,49910,90,0,4429,968,111,0,11293,1164,102,0,2951,373,46
slider_id02,A_sat_rnd,0.9382089552238807,0.8236380424746076,0.9769230769230769,0,2663,49910,90,0,4284,991,111,0,11309,1187,102,0,2946,373,46
slider_id02,A_b12,0.9384328358208954,0.8239597622313671,0.9713675213675214,0,2603,49910,90,0,4397,1001,111,0,11176,1161,102,0,2984,373,46
slider_id02,A_b12_rnd,0.9382835820895523,0.8258064516129032,0.9773504273504273,0,2609,49910,90,0,4258,991,111,0,11162,1187,102,0,2979,373,46
slider_id02,R_sat,0.9380597014925374,0.8248954946586159,0.9816239316239316,0,4878,107462,330,0,8351,2082,465,0,18825,2101,147,0,2951,371,46
slider_id02,R_b12_rnd,0.9371641791044775,0.826046511627907,0.9807692307692307,0,4946,107462,330,0,8213,1989,465,0,18308,2057,147,0,2981,385,46
slider_id03,FP32,0.9255056179775282,0.766798418972332,1.0,,,,,,,,,,,,,,,,
slider_id03,A_prior,0.9270786516853933,0.7149894440534834,0.9470899470899471,0,2838,53792,95,0,7251,1056,108,0,9555,1056,87,0,1609,356,44
slider_id03,A_sat,0.9270786516853933,0.7149894440534834,0.9470899470899471,0,2838,53792,95,0,7251,1056,108,0,9555,1056,87,0,1609,356,44
slider_id03,A_sat_rnd,0.9267415730337079,0.7301808066759388,0.955026455026455,0,2843,53792,95,0,7304,968,108,0,9524,1044,87,0,1618,356,44
slider_id03,A_b12,0.9256179775280899,0.7205056179775281,0.9465608465608466,0,2796,53792,95,0,7166,1054,108,0,9452,1064,87,0,1608,356,44
slider_id03,A_b12_rnd,0.926629213483146,0.7270194986072424,0.9529100529100529,0,2800,53792,95,0,7225,971,108,0,9414,1060,87,0,1617,356,44
slider_id03,R_sat,0.9214606741573033,0.7604512276045122,0.9645502645502646,0,4701,134148,260,0,10339,1997,575,0,18460,3451,147,0,1608,393,44
slider_id03,R_b12_rnd,0.9255056179775281,0.7587574355584931,0.9719576719576719,0,4689,134148,260,0,10324,1968,575,0,18371,3452,147,0,1612,393,44
slider_id04,FP32,1.0,0.9390386869871044,1.0,,,,,,,,,,,,,,,,
slider_id04,A_prior,1.0,0.9395184967704052,0.9878306878306878,0,3059,47505,88,0,7816,1109,106,0,11477,1172,93,0,1579,326,48
slider_id04,A_sat,1.0,0.9395184967704052,0.9878306878306878,0,3059,47505,88,0,7816,1109,106,0,11477,1172,93,0,1579,326,48
slider_id04,A_sat_rnd,1.0,0.9395184967704052,0.9878306878306878,0,3066,47505,88,0,7809,1127,106,0,11475,1152,93,0,1583,326,48
slider_id04,A_b12,1.0,0.9377203290246768,0.9904761904761905,0,3044,47505,88,0,7752,1109,106,0,11353,1149,93,0,1558,326,48
slider_id04,A_b12_rnd,1.0,0.9426229508196722,0.9894179894179894,0,3050,47505,88,0,7754,1133,106,0,11217,1148,93,0,1568,326,48
slider_id04,R_sat,1.0,0.9344359125812167,0.9867724867724867,0,6426,150754,228,0,12523,1993,219,0,16447,1747,149,0,1573,328,48
slider_id04,R_b12_rnd,1.0,0.9333333333333333,0.9857142857142858,0,6477,150754,228,0,12402,1945,219,0,16159,1753,149,0,1570,328,48
slider_id05,FP32,0.9893258426966292,0.8843373493975903,1.0,,,,,,,,,,,,,,,,
slider_id05,A_prior,0.9886516853932583,0.878386167146974,0.9439153439153439,0,3318,52460,89,0,7183,1181,112,0,10390,1131,85,0,2303,405,47
slider_id05,A_sat,0.9886516853932583,0.878386167146974,0.9439153439153439,0,3318,52460,89,0,7183,1181,112,0,10390,1131,85,0,2303,405,47
slider_id05,A_sat_rnd,0.9882022471910111,0.8810623556581986,0.9412698412698413,0,3324,52460,89,0,7132,1177,112,0,10365,1127,85,0,2307,405,47
slider_id05,A_b12,0.9889887640449437,0.8826237054085155,0.9444444444444444,0,3275,52460,89,0,7251,1179,112,0,10249,1131,85,0,2323,405,47
slider_id05,A_b12_rnd,0.9878651685393257,0.8791208791208791,0.944973544973545,0,3281,52460,89,0,7251,1211,112,0,10273,1141,85,0,2327,405,47
slider_id05,R_sat,0.9885393258426965,0.8886337543053962,0.9428571428571428,0,7133,121125,231,0,11420,2041,208,0,18196,1887,148,0,2303,440,47
slider_id05,R_b12_rnd,0.988876404494382,0.8857142857142857,0.9444444444444444,0,7122,121125,231,0,11634,2033,208,0,18152,1908,148,0,2327,440,47
slider_id06,FP32,0.9982222222222222,0.853566958698373,1.0,,,,,,,,,,,,,,,,
slider_id06,A_prior,0.9977777777777778,0.8401015228426396,0.9848275862068966,0,3000,52550,87,0,6967,1158,108,0,13753,1261,97,0,2206,370,47
slider_id06,A_sat,0.9977777777777778,0.8401015228426396,0.9848275862068966,0,3000,52550,87,0,6967,1158,108,0,13753,1261,97,0,2206,370,47
slider_id06,A_sat_rnd,0.9977777777777778,0.8415716096324461,0.9841379310344828,0,3004,52550,87,0,6984,1230,108,0,13852,1228,97,0,2184,370,47
slider_id06,A_b12,0.998,0.8371501272264631,0.983448275862069,0,2959,52550,87,0,6932,1175,108,0,13726,1261,97,0,2221,370,47
slider_id06,A_b12_rnd,0.9982222222222222,0.841168996188056,0.9827586206896551,0,2964,52550,87,0,6935,1230,108,0,13755,1228,97,0,2203,361,47
slider_id06,R_sat,0.9982222222222222,0.8655980271270037,0.9841379310344828,0,5762,132921,236,0,11892,2053,219,0,22183,1937,149,0,2207,361,47
slider_id06,R_b12_rnd,0.9982222222222222,0.8571428571428571,0.9882758620689656,0,5741,132921,236,0,11821,2095,219,0,21933,1923,149,0,2239,370,47
valve_id00,FP32,0.9291666666666667,0.7509293680297398,1.0,,,,,,,,,,,,,,,,
valve_id00,A_prior,0.9381666666666668,0.755192878338279,0.980625,0,3729,72916,99,0,8186,1246,113,0,12307,1179,107,0,3376,357,51
valve_id00,A_sat,0.9381666666666668,0.755192878338279,0.980625,0,3729,72916,99,0,8186,1246,113,0,12307,1179,107,0,3376,357,51
valve_id00,A_sat_rnd,0.9336666666666666,0.7544642857142857,0.98625,0,3733,72916,99,0,8134,1197,113,0,12420,1189,107,0,3351,357,51
valve_id00,A_b12,0.9376666666666666,0.7512991833704529,0.98125,0,3750,72916,99,0,8163,1265,113,0,12574,1179,107,0,3412,357,51
valve_id00,A_b12_rnd,0.9328333333333333,0.7572383073496659,0.985625,0,3755,72916,99,0,8180,1215,113,0,12599,1199,107,0,3408,357,51
valve_id00,R_sat,0.9313333333333332,0.7516679021497406,0.98625,0,6674,136341,298,0,12873,2419,455,0,20166,1954,145,0,3357,357,51
valve_id00,R_b12_rnd,0.928,0.7455089820359282,0.985625,0,6715,136341,298,0,12900,2419,455,0,20201,1954,145,0,3407,357,51
valve_id01,FP32,0.8858333333333334,0.7749381698268755,1.0,,,,,,,,,,,,,,,,
valve_id01,A_prior,0.8868333333333334,0.774671052631579,0.98375,0,2440,54992,100,0,5627,1121,115,0,10922,1039,92,0,3984,490,48
valve_id01,A_sat,0.8868333333333334,0.774671052631579,0.98375,0,2440,54992,100,0,5627,1121,115,0,10922,1039,92,0,3984,490,48
valve_id01,A_sat_rnd,0.8885,0.7736625514403292,0.981875,0,2446,54992,100,0,5644,1059,115,0,10985,1039,92,0,3920,490,48
valve_id01,A_b12,0.8888333333333334,0.7721311475409836,0.978125,0,2471,54992,100,0,5661,1099,115,0,10838,1080,92,0,3955,490,48
valve_id01,A_b12_rnd,0.8888333333333333,0.7730263157894737,0.985,0,2478,54992,100,0,5693,1068,115,0,10819,1039,92,0,3881,490,48
valve_id01,R_sat,0.8868333333333334,0.772914946325351,0.979375,0,4205,110510,228,0,9005,2305,250,0,18881,1874,144,0,3808,485,48
valve_id01,R_b12_rnd,0.8891666666666668,0.7757774140752864,0.9825,0,4265,110510,228,0,9112,2346,250,0,18957,1874,144,0,3632,485,48
valve_id02,FP32,0.9741666666666667,0.7482305358948432,1.0,,,,,,,,,,,,,,,,
valve_id02,A_prior,0.9768333333333333,0.7522567703109327,0.976875,0,2977,57439,90,0,7288,1180,106,0,13481,1238,99,0,1946,292,48
valve_id02,A_sat,0.9768333333333333,0.7522567703109327,0.976875,0,2977,57439,90,0,7288,1180,106,0,13481,1238,99,0,1946,292,48
valve_id02,A_sat_rnd,0.9778333333333333,0.742914979757085,0.980625,0,2983,57439,90,0,7319,1123,106,0,13605,1239,99,0,1925,292,48
valve_id02,A_b12,0.9773333333333334,0.7497507477567298,0.975625,0,3010,57439,90,0,7340,1180,106,0,13695,1241,99,0,1956,292,48
valve_id02,A_b12_rnd,0.9791666666666666,0.7421638018200202,0.979375,0,3015,57439,90,0,7362,1123,106,0,13630,1218,99,0,1933,292,48
valve_id02,R_sat,0.9721666666666666,0.7401415571284126,0.98,0,6028,113424,250,0,12144,2373,217,0,19926,1887,157,0,1893,292,48
valve_id02,R_b12_rnd,0.9721666666666666,0.742914979757085,0.983125,0,6100,113424,250,0,12038,2272,217,0,20044,1887,157,0,1896,292,48
valve_id03,FP32,0.877,0.7734806629834254,1.0,,,,,,,,,,,,,,,,
valve_id03,A_prior,0.876,0.768503937007874,0.97125,0,3041,60407,102,0,7505,1077,111,0,8899,932,79,0,4255,398,51
valve_id03,A_sat,0.876,0.768503937007874,0.97125,0,3041,60407,102,0,7505,1077,111,0,8899,932,79,0,4255,398,51
valve_id03,A_sat_rnd,0.8756666666666666,0.7703235990528808,0.970625,0,3046,60407,102,0,7404,1113,111,0,8895,932,79,0,4242,398,51
valve_id03,A_b12,0.8768333333333332,0.7682639434406913,0.965625,0,3014,60407,102,0,7423,1060,111,0,8923,948,79,0,4222,398,51
valve_id03,A_b12_rnd,0.874,0.7699604743083004,0.969375,0,3020,60407,102,0,7356,1117,111,0,8971,932,79,0,4210,398,51
valve_id03,R_sat,0.8785,0.7730829420970265,0.9675,0,5656,148101,252,0,12066,2242,236,0,18422,1825,143,0,4268,398,51
valve_id03,R_b12_rnd,0.8728333333333333,0.7693522906793049,0.9675,0,5612,148101,252,0,12100,2358,236,0,18493,1852,143,0,4257,398,51
valve_id04,FP32,0.9286666666666668,0.7583465818759937,1.0,,,,,,,,,,,,,,,,
valve_id04,A_prior,0.933,0.7720125786163522,0.96375,0,2098,57152,97,0,6313,1135,110,0,10996,1233,110,0,3104,530,50
valve_id04,A_sat,0.933,0.7720125786163522,0.96375,0,2098,57152,97,0,6313,1135,110,0,10996,1233,110,0,3104,530,50
valve_id04,A_sat_rnd,0.9253333333333333,0.7634069400630915,0.970625,0,2102,57152,97,0,6348,1210,110,0,10915,1206,110,0,3120,530,50
valve_id04,A_b12,0.9331666666666667,0.7652173913043478,0.963125,0,2077,57152,97,0,6339,1178,110,0,10957,1247,110,0,3128,530,50
valve_id04,A_b12_rnd,0.9283333333333335,0.7653543307086614,0.97,0,2081,57152,97,0,6421,1178,110,0,11064,1206,110,0,3133,530,50
valve_id04,R_sat,0.9369999999999999,0.768160741885626,0.963125,0,4258,140898,419,0,10234,2166,739,0,17054,1889,144,0,3116,530,50
valve_id04,R_b12_rnd,0.9373333333333334,0.7664856477889838,0.969375,0,4287,140898,419,0,10203,2140,739,0,17081,1889,144,0,3146,530,50
valve_id05,FP32,0.9347000000000001,0.7780821917808219,1.0,,,,,,,,,,,,,,,,
valve_id05,A_prior,0.9271000000000001,0.7718969555035129,0.9406666666666667,0,3153,68192,98,0,5712,1160,111,0,11835,1130,87,0,3207,438,52
valve_id05,A_sat,0.9271000000000001,0.7718969555035129,0.9406666666666667,0,3153,68192,98,0,5712,1160,111,0,11835,1130,87,0,3207,438,52
valve_id05,A_sat_rnd,0.9300999999999999,0.7728337236533958,0.9423333333333334,0,3157,68192,98,0,5693,1118,111,0,11800,1125,87,0,3172,438,52
valve_id05,A_b12,0.92765,0.7721755368814193,0.9416666666666667,0,3153,68192,98,0,5789,1160,111,0,11690,1125,87,0,3181,438,52
valve_id05,A_b12_rnd,0.93045,0.7764815678954736,0.943,0,3157,68192,98,0,5736,1111,111,0,11663,1122,87,0,3165,438,52
valve_id05,R_sat,0.9351,0.776905311778291,0.952,0,5734,123963,233,0,10154,2108,356,0,22174,2335,145,0,3216,438,52
valve_id05,R_b12_rnd,0.9311,0.7748161764705882,0.9573333333333334,0,5738,123963,233,0,10351,2121,356,0,22087,2340,145,0,3277,438,52
valve_id06,FP32,0.8175,0.6962828649138713,1.0,,,,,,,,,,,,,,,,
valve_id06,A_prior,0.8173333333333334,0.6896551724137931,0.94875,0,2938,66882,100,0,6081,1001,104,0,12557,1386,101,0,1655,375,48
valve_id06,A_sat,0.8173333333333334,0.6896551724137931,0.94875,0,2938,66882,100,0,6081,1001,104,0,12557,1386,101,0,1655,375,48
valve_id06,A_sat_rnd,0.8138333333333334,0.6813186813186813,0.948125,0,2942,66882,100,0,6228,1040,104,0,12557,1386,101,0,1617,375,48
valve_id06,A_b12,0.8170000000000002,0.6883468834688347,0.95125,0,2952,66882,100,0,6006,1033,104,0,12651,1386,101,0,1643,375,48
valve_id06,A_b12_rnd,0.8143333333333334,0.6880146386093321,0.944375,0,2956,66882,100,0,6113,1040,104,0,12572,1386,101,0,1612,375,48
valve_id06,R_sat,0.8140000000000001,0.680259499536608,0.956875,0,5205,120568,222,0,10400,2290,255,0,19659,2037,142,0,1664,355,48
valve_id06,R_b12_rnd,0.8103333333333333,0.6808905380333952,0.961875,0,5235,120568,222,0,10501,2295,255,0,19405,2037,142,0,1575,355,48
ToyCar_id01,FP32,0.9672077922077922,0.7634371790482711,1.0,,,,,,,,,,,,,,,,
ToyCar_id01,A_prior,0.9671428571428571,0.7480482611781405,0.9443606186344775,0,2880,52215,104,0,4982,1120,111,0,12353,1336,109,0,896,309,55
ToyCar_id01,A_sat,0.9671428571428571,0.7480482611781405,0.9443606186344775,0,2880,52215,104,0,4982,1120,111,0,12353,1336,109,0,896,309,55
ToyCar_id01,A_sat_rnd,0.9669047619047618,0.7550452331245651,0.9549226706903056,0,2885,52215,104,0,4995,1096,111,0,12249,1341,109,0,888,309,55
ToyCar_id01,A_b12,0.966861471861472,0.7476835352815395,0.9428517540550736,0,2905,52215,104,0,4922,1120,111,0,12176,1336,109,0,900,309,55
ToyCar_id01,A_b12_rnd,0.9669913419913421,0.7564730580825753,0.9530365899660506,0,2909,52215,104,0,4924,1078,111,0,12073,1341,109,0,885,309,55
ToyCar_id01,R_sat,0.9651948051948053,0.7470133520730851,0.9519049415314975,0,4161,94084,8597,0,9426,2440,8012,0,23080,2307,269,0,915,309,55
ToyCar_id01,R_b12_rnd,0.9665584415584416,0.7558342041100662,0.9598264805733685,0,4201,94084,8597,0,9219,2482,8012,0,22747,2276,269,0,889,309,55
ToyCar_id02,FP32,0.9769924812030075,0.7883538633818589,1.0,,,,,,,,,,,,,,,,
ToyCar_id02,A_prior,0.9759183673469387,0.7819051121735933,0.9648033126293996,0,2358,53446,102,0,4434,968,107,0,8415,968,77,0,1445,234,51
ToyCar_id02,A_sat,0.9759183673469387,0.7819051121735933,0.9648033126293996,0,2358,53446,102,0,4434,968,107,0,8415,968,77,0,1445,234,51
ToyCar_id02,A_sat_rnd,0.9772073039742212,0.7814814814814814,0.9670619235836627,0,2364,53446,102,0,4424,956,107,0,8480,989,77,0,1452,234,51
ToyCar_id02,A_b12,0.9760902255639097,0.7812960235640648,0.9653679653679653,0,2378,53446,102,0,4491,958,107,0,8415,961,77,0,1446,234,51
ToyCar_id02,A_b12_rnd,0.9763694951664876,0.7816432272390822,0.9680030114812723,0,2383,53446,102,0,4473,945,107,0,8474,989,77,0,1444,234,51
ToyCar_id02,R_sat,0.975016111707841,0.7829232995658466,0.9585921325051759,0,4023,131948,1251,0,9609,2272,135467,0,16722,1712,149,0,1437,234,51
ToyCar_id02,R_b12_rnd,0.9766272824919442,0.7868852459016393,0.9644268774703557,0,4050,131948,1251,0,9608,2239,135467,0,16452,1736,149,0,1456,234,51
ToyCar_id03,FP32,0.9861009667024705,0.7573089115885875,1.0,,,,,,,,,,,,,,,,
ToyCar_id03,A_prior,0.9865735767991406,0.7486476739992788,0.9478637304724261,0,2152,45653,105,0,4511,1110,108,0,13617,1318,106,0,1448,226,56
ToyCar_id03,A_sat,0.9865735767991406,0.7486476739992788,0.9478637304724261,0,2152,45653,105,0,4511,1110,108,0,13617,1318,106,0,1448,226,56
ToyCar_id03,A_sat_rnd,0.9849194414607949,0.751697034655234,0.950875211744777,0,2157,45653,105,0,4504,1091,108,0,13699,1329,106,0,1417,226,56
ToyCar_id03,A_b12,0.9865735767991407,0.7465041233416996,0.9450404667795972,0,2164,45653,105,0,4517,1110,108,0,13899,1332,106,0,1439,226,56
ToyCar_id03,A_b12_rnd,0.9864017185821697,0.7508896797153025,0.9501223414266893,0,2170,45653,105,0,4557,1097,108,0,13921,1330,106,0,1425,226,56
ToyCar_id03,R_sat,0.9861654135338345,0.7630217316315971,0.9521927348014304,0,3377,96101,1509,0,10337,2700,6027,0,24672,2323,174,0,1431,226,56
ToyCar_id03,R_b12_rnd,0.9853490870032224,0.7646454265159301,0.9529456051195182,0,3360,96101,1509,0,10583,2716,6027,0,25068,2317,174,0,1423,226,56
ToyCar_id04,FP32,0.9995488721804512,0.8378296453470748,1.0,,,,,,,,,,,,,,,,
ToyCar_id04,A_prior,0.999484425349087,0.8370803818909763,0.9776021080368906,0,1746,43924,96,0,4858,966,105,0,8212,870,76,0,1791,255,50
ToyCar_id04,A_sat,0.999484425349087,0.8370803818909763,0.9776021080368906,0,1746,43924,96,0,4858,966,105,0,8212,870,76,0,1791,255,50
ToyCar_id04,A_sat_rnd,0.9995059076262084,0.838176812480881,0.9836250705815923,0,1751,43924,96,0,4848,979,105,0,8205,869,76,0,1788,255,50
ToyCar_id04,A_b12,0.999312567132116,0.8388683886838868,0.9791078486730661,0,1719,43924,96,0,4789,966,105,0,8293,869,76,0,1801,255,50
ToyCar_id04,A_b12_rnd,0.999656283566058,0.8377219840783834,0.981742894786373,0,1723,43924,96,0,4775,1021,105,0,8265,868,76,0,1797,255,50
ToyCar_id04,R_sat,0.999312567132116,0.837696335078534,0.9770374552983249,0,3502,130143,766,0,12246,5283,1871,0,17056,1893,1913,0,1791,255,50
ToyCar_id04,R_b12_rnd,0.9995273899033298,0.8382352941176471,0.9826839826839827,0,3452,130143,766,0,12312,5320,1871,0,17125,1901,1913,0,1797,255,50
ToyCar_id05,FP32,0.8175338345864662,0.5915057915057915,1.0,,,,,,,,,,,,,,,,
ToyCar_id05,A_prior,0.8160300751879699,0.5441426146010186,0.8981481481481481,0,1702,48154,110,0,5857,1123,107,0,12077,1236,106,0,678,347,52
ToyCar_id05,A_sat,0.8160300751879699,0.5441426146010186,0.8981481481481481,0,1702,48154,110,0,5857,1123,107,0,12077,1236,106,0,678,347,52
ToyCar_id05,A_sat_rnd,0.8180451127819549,0.5690923957481603,0.907644824311491,0,1706,48154,110,0,5962,1074,107,0,12072,1237,106,0,674,347,52
ToyCar_id05,A_b12,0.8141353383458647,0.5543386689132266,0.8983855650522318,0,1724,48154,110,0,5850,1167,107,0,12286,1233,106,0,676,347,52
ToyCar_id05,A_b12_rnd,0.8190676691729324,0.576284904896803,0.9062203228869895,0,1727,48154,110,0,5968,1062,107,0,12278,1237,106,0,682,347,52
ToyCar_id05,R_sat,0.8073082706766916,0.5189761694616064,0.8687084520417854,0,3792,98019,12418,0,7576,2094,5143,0,23212,2153,160,0,690,368,52
ToyCar_id05,R_b12_rnd,0.8134436090225564,0.5351512569237324,0.8751187084520418,0,3844,98019,12418,0,7740,2116,5143,0,23420,2158,160,0,665,368,52
ToyCar_id06,FP32,0.9934736842105263,0.8016714882674382,1.0,,,,,,,,,,,,,,,,
ToyCar_id06,A_prior,0.9904661654135338,0.8103283391775582,0.9549014953714693,0,1883,45489,96,0,4538,993,105,0,9388,1249,100,0,1255,263,53
ToyCar_id06,A_sat,0.9904661654135338,0.8103283391775582,0.9549014953714693,0,1883,45489,96,0,4538,993,105,0,9388,1249,100,0,1255,263,53
ToyCar_id06,A_sat_rnd,0.9901353383458648,0.8067647979956154,0.9525278898647045,0,1887,45489,96,0,4513,999,105,0,9358,1249,100,0,1256,263,53
ToyCar_id06,A_b12,0.9898947368421052,0.8104491876393756,0.9537146926180868,0,1898,45489,96,0,4467,997,105,0,9235,1249,100,0,1244,263,53
ToyCar_id06,A_b12_rnd,0.9914285714285714,0.8085106382978723,0.9537146926180868,0,1902,45489,96,0,4516,999,105,0,9203,1249,100,0,1247,263,53
ToyCar_id06,R_sat,0.9921203007518797,0.8063191153238547,0.9534773320674104,0,3406,107098,4922,0,7866,2108,1632,0,15369,1937,144,0,1252,263,53
ToyCar_id06,R_b12_rnd,0.9911578947368421,0.811639549436796,0.9544267742701164,0,3438,107098,4922,0,7866,2101,1632,0,15383,1937,144,0,1249,263,53
ToyCar_id07,FP32,0.9722105263157894,0.7886056971514243,1.0,,,,,,,,,,,,,,,,
ToyCar_id07,A_prior,0.9605714285714286,0.7804580152671756,0.9738903394255874,0,1983,42781,90,0,5164,1130,105,0,12206,1413,118,0,1295,285,54
ToyCar_id07,A_sat,0.9605714285714286,0.7804580152671756,0.9738903394255874,0,1983,42781,90,0,5164,1130,105,0,12206,1413,118,0,1295,285,54
ToyCar_id07,A_sat_rnd,0.9659849624060151,0.7816021931160524,0.9767386660337052,0,1988,42781,90,0,5216,1114,105,0,12140,1413,118,0,1296,285,54
ToyCar_id07,A_b12,0.9607518796992481,0.7809349220898258,0.9743650605269404,0,1972,42781,90,0,5184,1052,105,0,12365,1413,118,0,1310,285,54
ToyCar_id07,A_b12_rnd,0.9648721804511277,0.7806215722120659,0.9746024210776169,0,1977,42781,90,0,5268,1150,105,0,12396,1413,118,0,1281,285,54
ToyCar_id07,R_sat,0.9697443609022557,0.790530416541804,0.9831474009019701,0,3845,131112,298,0,8200,2379,494,0,16102,2008,175,0,1320,274,54
ToyCar_id07,R_b12_rnd,0.9698345864661653,0.7883867105656989,0.984571564206029,0,3859,131112,298,0,8349,2345,494,0,16144,2004,175,0,1314,274,54
ToyConveyor_id01,FP32,0.9653875000000001,0.7917297024710035,1.0,,,,,,,,,,,,,,,,
ToyConveyor_id01,A_prior,0.96271875,0.7901296111665005,0.9551,0,2755,50181,103,0,6190,1178,106,0,9224,1317,113,0,385,230,56
ToyConveyor_id01,A_sat,0.96271875,0.7901296111665005,0.9551,0,2755,50181,103,0,6190,1178,106,0,9224,1317,113,0,385,230,56
ToyConveyor_id01,A_sat_rnd,0.9644124999999999,0.7909774436090226,0.9598,0,2760,50181,103,0,6240,1174,106,0,9335,1317,113,0,389,230,56
ToyConveyor_id01,A_b12,0.9627437500000001,0.787546699875467,0.9584,0,2802,50181,103,0,6182,1186,106,0,9269,1317,113,0,385,230,56
ToyConveyor_id01,A_b12_rnd,0.9638125,0.7884856070087609,0.9609,0,2808,50181,103,0,6182,1199,106,0,9393,1317,113,0,389,230,56
ToyConveyor_id01,R_sat,0.9628375,0.7857142857142857,0.9578,0,4776,106173,4068,0,11427,2278,3485,0,16078,2578,184,0,385,230,56
ToyConveyor_id01,R_b12_rnd,0.96294375,0.7869354427149783,0.9601,0,4783,106173,4068,0,11424,2335,3485,0,16290,2578,184,0,389,230,56
ToyConveyor_id02,FP32,0.9218398876404494,0.7239404352806414,1.0,,,,,,,,,,,,,,,,
ToyConveyor_id02,A_prior,0.9205196629213482,0.7209847596717468,0.9525562372188139,0,1755,46157,95,0,5182,1166,110,0,17093,1502,112,0,369,271,50
ToyConveyor_id02,A_sat,0.9205196629213482,0.7209847596717468,0.9525562372188139,0,1755,46157,95,0,5182,1166,110,0,17093,1502,112,0,369,271,50
ToyConveyor_id02,A_sat_rnd,0.914438202247191,0.706060606060606,0.9404907975460123,0,1759,46157,95,0,5075,1248,110,0,17066,1502,112,0,355,271,50
ToyConveyor_id02,A_b12,0.9203721910112358,0.7204678362573099,0.9498977505112475,0,1761,46157,95,0,5151,1158,110,0,16913,1502,112,0,354,271,50
ToyConveyor_id02,A_b12_rnd,0.9162289325842696,0.7050970873786407,0.9415132924335379,0,1765,46157,95,0,5086,1208,110,0,16876,1502,112,0,357,271,50
ToyConveyor_id02,R_sat,0.9213412921348315,0.7267009719839909,0.9562372188139059,0,3183,120637,6421,0,8440,2730,2684,0,27047,3198,166,0,368,271,50
ToyConveyor_id02,R_b12_rnd,0.920498595505618,0.718384074941452,0.9569529652351738,0,3197,120637,6421,0,8491,2714,2684,0,26763,3188,166,0,356,271,50
ToyConveyor_id03,FP32,0.986296072337613,0.8308525033829499,1.0,,,,,,,,,,,,,,,,
ToyConveyor_id03,A_prior,0.985114820491907,0.8270676691729323,0.9778915046059365,0,1795,48883,98,0,4662,1079,103,0,9500,1070,91,0,1041,282,57
ToyConveyor_id03,A_sat,0.985114820491907,0.8270676691729323,0.9778915046059365,0,1795,48883,98,0,4662,1079,103,0,9500,1070,91,0,1041,282,57
ToyConveyor_id03,A_sat_rnd,0.9857687277636371,0.8319617732943987,0.9767656090071648,0,1799,48883,98,0,4692,1036,103,0,9500,1070,91,0,1037,282,57
ToyConveyor_id03,A_b12,0.9847702887035761,0.8278270212194467,0.9796315250767657,0,1805,48883,98,0,4691,1077,103,0,9373,1070,91,0,1051,282,57
ToyConveyor_id03,A_b12_rnd,0.9853820084093882,0.8303191489361702,0.9754350051177073,0,1810,48883,98,0,4732,1027,103,0,9382,1070,91,0,1048,282,57
ToyConveyor_id03,R_sat,0.9853679458874154,0.8202866593164277,0.9768679631525077,0,4431,101630,948,0,9020,1999,2103,0,16672,2397,148,0,1040,282,57
ToyConveyor_id03,R_b12_rnd,0.9858320091125142,0.8242985562517026,0.9807574206755374,0,4461,101630,948,0,9128,1966,2103,0,16773,2386,148,0,1048,282,57
ToyConveyor_id04,FP32,0.99811797752809,0.852195423623995,1.0,,,,,,,,,,,,,,,,
ToyConveyor_id04,A_prior,0.9983426966292135,0.8553921568627451,0.985978835978836,0,2363,46437,94,0,5373,1024,107,0,9821,1157,104,0,659,193,53
ToyConveyor_id04,A_sat,0.9983426966292135,0.8553921568627451,0.985978835978836,0,2363,46437,94,0,5373,1024,107,0,9821,1157,104,0,659,193,53
ToyConveyor_id04,A_sat_rnd,0.998314606741573,0.8565323565323565,0.9843915343915344,0,2369,46437,94,0,5307,954,107,0,9739,1157,104,0,656,193,53
ToyConveyor_id04,A_b12,0.9985393258426966,0.8558310376492194,0.9862433862433863,0,2389,46437,94,0,5325,1024,107,0,9883,1157,104,0,667,193,53
ToyConveyor_id04,A_b12_rnd,0.9983707865168538,0.8567946374162096,0.9830687830687831,0,2396,46437,94,0,5272,954,107,0,9784,1157,104,0,664,193,53
ToyConveyor_id04,R_sat,0.9985112359550561,0.8559166155732679,0.9878306878306878,0,4465,104437,2534,0,9250,3478,13076,0,17360,1974,147,0,660,224,53
ToyConveyor_id04,R_b12_rnd,0.9985955056179775,0.8562672387373582,0.9873015873015873,0,4437,104437,2534,0,9486,3501,13076,0,17431,1967,147,0,665,224,53
ToyConveyor_id05,FP32,0.9758426966292134,0.8181581007044091,1.0,,,,,,,,,,,,,,,,
ToyConveyor_id05,A_prior,0.9732865168539326,0.8009605122732124,0.9674861221252974,0,2075,38468,92,0,5300,1007,104,0,10349,1256,106,0,443,287,53
ToyConveyor_id05,A_sat,0.9732865168539326,0.8009605122732124,0.9674861221252974,0,2075,38468,92,0,5300,1007,104,0,10349,1256,106,0,443,287,53
ToyConveyor_id05,A_sat_rnd,0.9735955056179775,0.8105124835742444,0.9706582077716098,0,2081,38468,92,0,5341,1015,104,0,10571,1237,106,0,440,287,53
ToyConveyor_id05,A_b12,0.9730056179775282,0.8033005057226511,0.9664287602431932,0,2110,38468,92,0,5361,1020,104,0,10557,1256,106,0,449,287,53
ToyConveyor_id05,A_b12_rnd,0.9739044943820224,0.8113356074521123,0.9714512291831879,0,2115,38468,92,0,5412,1023,104,0,10459,1251,106,0,446,287,53
ToyConveyor_id05,R_sat,0.9753651685393259,0.8211234791612736,0.9770023790642347,0,4043,101762,267,0,9291,2312,495,0,14564,2019,149,0,443,355,53
ToyConveyor_id05,R_b12_rnd,0.9759831460674158,0.8257866462010744,0.9738302934179223,0,4015,101762,267,0,9412,2331,495,0,14644,2019,149,0,446,355,53
ToyConveyor_id06,FP32,0.9786516853932585,0.8145800316957211,1.0,,,,,,,,,,,,,,,,
ToyConveyor_id06,A_prior,0.9701404494382022,0.8044541010320478,0.9555555555555556,0,2241,43153,97,0,3731,1052,106,0,11707,1504,110,0,841,250,52
ToyConveyor_id06,A_sat,0.9701404494382022,0.8044541010320478,0.9555555555555556,0,2241,43153,97,0,3731,1052,106,0,11707,1504,110,0,841,250,52
ToyConveyor_id06,A_sat_rnd,0.9743539325842696,0.812283044058745,0.9624338624338624,0,2247,43153,97,0,3717,1046,106,0,11580,1527,110,0,844,250,52
ToyConveyor_id06,A_b12,0.9700561797752808,0.8029395753946652,0.9531746031746032,0,2210,43153,97,0,3706,1061,106,0,11586,1510,110,0,843,250,52
ToyConveyor_id06,A_b12_rnd,0.9744101123595506,0.812199036918138,0.9603174603174603,0,2216,43153,97,0,3709,1059,106,0,11393,1512,110,0,838,250,52
ToyConveyor_id06,R_sat,0.9758146067415729,0.8114469109387537,0.9653439153439154,0,4444,107994,435,0,7570,2090,827,0,19534,2885,160,0,855,243,52
ToyConveyor_id06,R_b12_rnd,0.9753932584269663,0.8120539254559873,0.9650793650793651,0,4390,107994,435,0,7505,2107,827,0,19599,2886,160,0,854,243,52
